amount_in_company_currency_mean,amount_in_company_currency_max,amount_in_company_currency_min,amount_in_company_currency_sum,amount_in_company_currency_std,total_deal_quantity_mean,total_deal_quantity_max,total_deal_quantity_min,total_deal_quantity_sum,total_deal_quantity_std,total_sku_cost_mean,total_sku_cost_max,total_sku_cost_min,total_sku_cost_sum,total_sku_cost_std,gross_margin_mean,gross_margin_max,gross_margin_min,gross_margin_sum,gross_margin_std,amount_in_company_currency_mean,amount_in_company_currency_max,amount_in_company_currency_min,amount_in_company_currency_sum,amount_in_company_currency_std,total_deal_quantity_mean,total_deal_quantity_max,total_deal_quantity_min,total_deal_quantity_sum,total_deal_quantity_std,total_sku_cost_mean,total_sku_cost_max,total_sku_cost_min,total_sku_cost_sum,total_sku_cost_std,gross_margin_mean,gross_margin_max,gross_margin_min,gross_margin_sum,gross_margin_std,amount_in_company_currency_mean,amount_in_company_currency_max,amount_in_company_currency_min,amount_in_company_currency_sum,amount_in_company_currency_std,total_deal_quantity_mean,total_deal_quantity_max,total_deal_quantity_min,total_deal_quantity_sum,total_deal_quantity_std,total_sku_cost_mean,total_sku_cost_max,total_sku_cost_min,total_sku_cost_sum,total_sku_cost_std,gross_margin_mean,gross_margin_max,gross_margin_min,gross_margin_sum,gross_margin_std,amount_in_company_currency_mean,amount_in_company_currency_max,amount_in_company_currency_min,amount_in_company_currency_sum,amount_in_company_currency_std,total_deal_quantity_mean,total_deal_quantity_max,total_deal_quantity_min,total_deal_quantity_sum,total_deal_quantity_std,total_sku_cost_mean,total_sku_cost_max,total_sku_cost_min,total_sku_cost_sum,total_sku_cost_std,gross_margin_mean,gross_margin_max,gross_margin_min,gross_margin_sum,gross_margin_std,amount_in_company_currency_mean,amount_in_company_currency_max,amount_in_company_currency_min,amount_in_company_currency_sum,amount_in_company_currency_std,total_deal_quantity_mean,total_deal_quantity_max,total_deal_quantity_min,total_deal_quantity_sum,total_deal_quantity_std,total_sku_cost_mean,total_sku_cost_max,total_sku_cost_min,total_sku_cost_sum,total_sku_cost_std,gross_margin_mean,gross_margin_max,gross_margin_min,gross_margin_sum,gross_margin_std,amount_in_company_currency_mean,amount_in_company_currency_max,amount_in_company_currency_min,amount_in_company_currency_sum,amount_in_company_currency_std,total_deal_quantity_mean,total_deal_quantity_max,total_deal_quantity_min,total_deal_quantity_sum,total_deal_quantity_std,total_sku_cost_mean,total_sku_cost_max,total_sku_cost_min,total_sku_cost_sum,total_sku_cost_std,gross_margin_mean,gross_margin_max,gross_margin_min,gross_margin_sum,gross_margin_std,amount_in_company_currency_mean,amount_in_company_currency_max,amount_in_company_currency_min,amount_in_company_currency_sum,amount_in_company_currency_std,total_deal_quantity_mean,total_deal_quantity_max,total_deal_quantity_min,total_deal_quantity_sum,total_deal_quantity_std,total_sku_cost_mean,total_sku_cost_max,total_sku_cost_min,total_sku_cost_sum,total_sku_cost_std,gross_margin_mean,gross_margin_max,gross_margin_min,gross_margin_sum,gross_margin_std,amount_in_company_currency_mean,amount_in_company_currency_max,amount_in_company_currency_min,amount_in_company_currency_sum,amount_in_company_currency_std,total_deal_quantity_mean,total_deal_quantity_max,total_deal_quantity_min,total_deal_quantity_sum,total_deal_quantity_std,total_sku_cost_mean,total_sku_cost_max,total_sku_cost_min,total_sku_cost_sum,total_sku_cost_std,gross_margin_mean,gross_margin_max,gross_margin_min,gross_margin_sum,gross_margin_std
981.9,981.9,981.9,981.9,,60.0,60.0,60.0,60.0,,184.32,184.32,184.32,184.32,,5.3271484375,5.3271484375,5.3271484375,5.3271484375,,,,,,,,,,,,,,,,,,,,,,,,,,,,,,,,,,,,,,,,,,,,,,,,,,,,,,,,,,,,,,,,,,,,,,,,,,,,,,,,,,,,,,,,,,,,,,,,,,,,,,,,,,,,,,,,,,,,,,,,,,,,,,,,,,,,,,,,,,,,,
3003.138858064516,137620.0,-200.0,13964595.69,4010.2003445532987,259.8610752688172,20000.0,0.0,1208354.0,488.4499784288129,614.4559741935484,30460.8,0.0,2857220.28,838.6871147834663,inf,inf,-0.47241118669690096,inf,,,,,,,,,,,,,,,,,,,,,,,,,,,,,,,,,,,,,,,,,,,,,,,,,,,,,,,,,,,,,,,,,,,,,,,,,,,,,,,,,,,,,,,,,,,,,,,,,,,,,,,,,,,,,,,,,,,,,,,,,,,,,,,,,,,,,,,,,,,,,
2514.156510030344,151035.11,-94.8,29827952.835,4411.77713594486,337.5194673858082,25085.0,0.0,4005006.0,779.5204195210786,752.4570773638968,43086.72,0.0,8928655.68,1313.8116161328305,inf,inf,-0.4140461215932914,inf,,,,,,,,,,,,,,,,,,,,,,,,,,,,,,,,,,,,,,,,,,,,,,,,,,,,,,,,,,,,,,,,,,,,,,,,,,,,,,,,,,,,,,,,,,,,,,,,,,,,,,,,,,,,,,,,,,,,,,,,,,,,,,,,,,,,,,,,,,,,,
2686.7057320872277,53780.8,0.0,862432.54,4135.309386935294,362.8722741433022,10500.0,0.0,116482.0,757.4929739014908,816.0414953271028,15978.24,0.0,261949.32,1256.8349258425935,inf,inf,0.0,inf,,,,,,,,,,,,,,,,,,,,,,,,,,,,,,,,,,,,,,,,,,,,,,,,,,,,,,,,,,,,,,,,,,,,,,,,,,,,,,,,,,,,,,,,,,,,,,,,,,,,,,,,,,,,,,,,,,,,,,,,,,,,,,,,,,,,,,,,,,,,,
,,,,,,,,,,,,,,,,,,,,2717.231049507169,151035.11,-62.5,36389158.215,4494.122889932558,337.059882027925,25085.0,0.0,4514243.0,748.6065900130774,753.601424624804,43086.72,0.0,10092983.88,1269.9443627120033,inf,inf,-0.09823337105494782,inf,,,,,,,,,,,,,,,,,,,,,,,,,,,,,,,,,,,,,,,,,,,,,,,,,,,,,,,,,,,,,,,,,,,,,,,,,,,,,,,,,,,,,,,,,,,,,,,,,,,,,,,,,,,,,,,,,,,,,,,,,
,,,,,,,,,,,,,,,,,,,,2399.7471797850712,96543.7,-200.0,8262329.54,3459.375517621869,236.57636469221836,20135.0,0.0,814769.0,536.3170527745165,567.0815331010454,30624.96,0.0,1953028.8,873.6326234730975,inf,inf,-0.47241118669690096,inf,,,,,,,,,,,,,,,,,,,,,,,,,,,,,,,,,,,,,,,,,,,,,,,,,,,,,,,,,,,,,,,,,,,,,,,,,,,,,,,,,,,,,,,,,,,,,,,,,,,,,,,,,,,,,,,,,,,,,,,,,
,,,,,,,,,,,,,,,,,,,,,,,,,,,,,,,,,,,,,,,,2634.668885088919,151035.11,-200.0,34666973.19,4333.120059647287,323.4389391291132,25085.0,16.0,4256133.0,725.9398527143255,728.2887088684549,43086.72,114.48,9583551.12,1223.8099506210344,3.6795787635518646,19.803064275037368,-0.47241118669690096,48415.89737081544,0.9941142657324791,3053.9956655290102,22970.43,0.0,894820.73,3098.789160605303,11.331058020477816,800.0,0.0,3320.0,72.82886882847806,25.121774744027306,1640.16,0.0,7360.68,157.7604846338524,inf,inf,2.6106770833333335,inf,,,,,,,,,,,,,,,,,,,,,,,,,,,,,,,,,,,,,,,,,,,,,,,,,,,,,,,,,,,,,,2639.0469235400365,57200.0,0.0,4383456.94,3953.76044274476,314.31949458483757,10300.0,0.0,522399.0,677.9730651220076,712.2642599277978,17052.48,0.0,1183783.2,1141.7718588143587,inf,inf,0.0,inf,
,,,,,,,,,,,,,,,,,,,,,,,,,,,,,,,,,,,,,,,,1837.0469387755102,10272.0,526.8,90015.3,2012.8648343770337,182.48979591836735,1600.0,60.0,8942.0,252.57260692463754,526.3028571428572,3369.6,203.76,25788.84,535.5032817826609,3.382842890136292,5.265455105334692,2.1971971971971973,165.7593016166783,0.7154523645186608,,,,,,,,,,,,,,,,,,,,,,,,,,,,,,,,,,,,,,,,,,,,,,,,,,,,,,,,,,,,,,,,,,,,,,,,,,,,,,,,,2402.937762721239,96543.7,-1e-13,4344511.475,4124.861494366812,281.12223451327435,20135.0,0.0,508269.0,749.389138424923,648.4474115044247,30624.96,0.0,1172392.92,1199.5309180142467,inf,inf,-5.383290267011198e-16,inf,
,,,,,,,,,,,,,,,,,,,,,,,,,,,,,,,,,,,,,,,,3103.6825378787876,60910.0,0.0,819372.19,5392.305527088008,405.43560606060606,12000.0,16.0,107035.0,947.9835812725707,813.0004545454545,18151.92,122.76,214632.12,1454.2571229183404,3.799998618959767,6.788939051918737,0.0,1003.1996354053784,0.990090458815291,,,,,,,,,,,,,,,,,,,,,,,,,,,,,,,,,,,,,,,,,,,,,,,,,,,,,,,,,,,,,,,,,,,,,,,,,,,,,,,,,2569.378578500707,151035.11,-94.8,3633101.31,5311.507029299684,296.2876325088339,25085.0,0.0,419247.0,873.2374974590693,681.6048339222615,43086.72,0.0,964470.84,1516.703164496278,inf,inf,-0.4140461215932914,inf,
,,,,,,,,,,,,,,,,,,,,,,,,,,,,,,,,,,,,,,,,2983.1805405405403,29075.46,0.0,110377.68,4920.396469069645,586.8108108108108,10000.0,200.0,21712.0,1611.4286593964762,873.9243243243243,12024.0,313.2,32335.2,1966.2640113402608,4.147857411106642,5.474137931034483,0.0,153.47072421094575,0.9901332003935143,,,,,,,,,,,,,,,,,,,,,,,,,,,,,,,,,,,,,,,,,,,,,,,,,,,,,,,,,,,,,,,,,,,,,,,,,,,,,,,,,,,,,,,,,,,,,,,,,,,,
,,,,,,,,,,,,,,,,,,,,,,,,,,,,,,,,,,,,,,,,2843.0118181818184,9389.52,1521.6,31273.13,2330.7828170158546,447.54545454545456,1600.0,200.0,4923.0,449.9180733503298,727.1236363636364,2366.4,313.2,7998.36,653.0151335347862,4.31238513518537,5.852923447860157,2.8870858688302907,47.436236487039075,0.8976223837642553,,,,,,,,,,,,,,,,,,,,,,,,,,,,,,,,,,,,,,,,,,,,,,,,,,,,,,,,,,,,,,,,,,,,,,,,,,,,,,,,,,,,,,,,,,,,,,,,,,,,
,,,,,,,,,,,,,,,,,,,,,,,,,,,,,,,,,,,,,,,,2373.5496296296296,18970.38,912.0,256343.36000000002,2087.7344641285545,240.87037037037038,2853.0,120.0,26014.0,294.74694017079884,903.0666666666666,7858.32,488.4,97531.2,837.769470898823,2.672762758905796,6.996310763888889,1.7428841224875222,288.658377961826,0.6625501660292861,,,,,,,,,,,,,,,,,,,,,,,,,,,,,,,,,,,,,,,,,,,,,,,,,,,,,,,,,,,,,,,,,,,,,,,,,,,,,,,,,,,,,,,,,,,,,,,,,,,,
,,,,,,,,,,,,,,,,,,,,,,,,,,,,,,,,,,,,,,,,3753.4741530054644,79234.12,416.7,1373771.54,6255.64569657449,479.6475409836066,6900.0,30.0,175551.0,860.5878550468916,1011.8708196721311,11888.64,152.64,370344.72,1447.2791450294355,3.600052613744905,8.768457662394566,1.9151069518716577,1317.6192566306352,0.8828636069383099,,,,,,,,,,,,,,,,,,,,,,,,,,,,,,,,,,,,,,,,,,,,,,,,,,,,,,,,,,,,,,,,,,,,,,,,,,,,,,,,,,,,,,,,,,,,,,,,,,,,
,,,,,,,,,,,,,,,,,,,,,,,,,,,,,,,,,,,,,,,,1896.4166666666667,8021.25,0.0,22757.0,2072.446878285461,246.16666666666666,1250.0,30.0,2954.0,330.3688939058974,557.98,2175.12,122.88,6695.76,547.0836188039598,3.436626597618423,5.709635416666667,0.0,41.23951917142108,1.3162003718770223,,,,,,,,,,,,,,,,,,,,,,,,,,,,,,,,,,,,,,,,,,,,,,,,,,,,,,,,,,,,,,,,,,,,,,,,,,,,,,,,,,,,,,,,,,,,,,,,,,,,
,,,,,,,,,,,,,,,,,,,,,,,,,,,,,,,,,,,,,,,,4533.880487804879,23633.0,660.0,185889.1,5663.278769070506,736.829268292683,5000.0,60.0,30210.0,1128.23264228702,2107.9346341463415,13442.88,300.96,86425.32,3000.3928571806205,2.4287928763917876,4.649591894173938,1.758031017162989,99.5805079320633,0.5937723369046021,,,,,,,,,,,,,,,,,,,,,,,,,,,,,,,,,,,,,,,,,,,,,,,,,,,,,,,,,,,,,,,,,,,,,,,,,,,,,,,,,,,,,,,,,,,,,,,,,,,,
,,,,,,,,,,,,,,,,,,,,,,,,,,,,,,,,,,,,,,,,2767.8675000000003,4368.0,1555.0,11071.470000000001,1274.0651305532485,420.0,700.0,250.0,1680.0,215.87033144922904,1254.69,2116.8,715.44,5018.76,676.1753739970127,2.285363234623637,2.734638823660964,2.0634920634920633,9.141452938494549,0.3038302317602504,,,,,,,,,,,,,,,,,,,,,,,,,,,,,,,,,,,,,,,,,,,,,,,,,,,,,,,,,,,,,,,,,,,,,,,,,,,,,,,,,,,,,,,,,,,,,,,,,,,,
,,,,,,,,,,,,,,,,,,,,,,,,,,,,,,,,,,,,,,,,3091.2,3091.2,3091.2,3091.2,,120.0,120.0,120.0,120.0,,426.36,426.36,426.36,426.36,,7.250211089220376,7.250211089220376,7.250211089220376,7.250211089220376,,,,,,,,,,,,,,,,,,,,,,,,,,,,,,,,,,,,,,,,,,,,,,,,,,,,,,,,,,,,,,,,,,,,,,,,,,,,,,,,,,,,,,,,,,,,,,,,,,,,,
,,,,,,,,,,,,,,,,,,,,,,,,,,,,,,,,,,,,,,,,2610.4862606232296,65565.0,0.0,921501.65,5220.886302015647,354.62039660056655,15500.0,50.0,125181.0,1072.8791647165103,778.7867422096316,23584.32,184.32,274911.72,1667.545323135205,3.3679731535314814,18.88427734375,0.0,1188.894523196613,1.2531501514396577,,,,,,,,,,,,,,,,,,,,,,,,,,,,,,,,,,,,,,,,,,,,,,,,,,,,,,,,,,,,,,,,,,,,,,,,,,,,,,,,,,,,,,,,,,,,,,,,,,,,
,,,,,,,,,,,,,,,,,,,,,,,,,,,,,,,,,,,,,,,,2607.3475,5920.0,636.19,20858.78,2028.6253268284906,243.875,585.0,30.0,1951.0,221.08526958748615,575.895,1344.0,140.64,4607.16,447.26501185379055,4.667827158221105,5.989025297619048,3.4086378737541527,37.34261726576884,0.973632985343729,,,,,,,,,,,,,,,,,,,,,,,,,,,,,,,,,,,,,,,,,,,,,,,,,,,,,,,,,,,,,,,,,,,,,,,,,,,,,,,,,,,,,,,,,,,,,,,,,,,,
,,,,,,,,,,,,,,,,,,,,,,,,,,,,,,,,,,,,,,,,2041.6911111111112,6420.0,581.4,18375.22,1761.117909655998,264.44444444444446,1000.0,60.0,2380.0,292.36582867663896,646.8399999999999,2022.72,184.32,5821.5599999999995,573.6877276010007,3.3277003871277784,4.912109375,2.190325497287523,29.949303484150004,0.7589556383203422,,,,,,,,,,,,,,,,,,,,,,,,,,,,,,,,,,,,,,,,,,,,,,,,,,,,,,,,,,,,,,,,,,,,,,,,,,,,,,,,,,,,,,,,,,,,,,,,,,,,
,,,,,,,,,,,,,,,,,,,,,,,,,,,,,,,,,,,,,,,,3483.2874193548387,24450.0,150.4,323945.73,4092.924699518166,481.06451612903226,5000.0,20.0,44739.0,753.5303981989166,1020.8838709677419,8527.2,108.0,94942.2,1290.1550268972835,3.4669745966720895,6.340415250283277,1.3925925925925926,322.42863749050434,0.708690212255736,,,,,,,,,,,,,,,,,,,,,,,,,,,,,,,,,,,,,,,,,,,,,,,,,,,,,,,,,,,,,,,,,,,,,,,,,,,,,,,,,,,,,,,,,,,,,,,,,,,,
,,,,,,,,,,,,,,,,,,,,,,,,,,,,,,,,,,,,,,,,2823.68,4330.36,1317.0,5647.36,2130.7672901562946,326.0,502.0,150.0,652.0,248.90158697766472,900.8399999999999,1383.36,418.32,1801.6799999999998,682.3863281162658,3.139313947571788,3.1483075157773954,3.130320379366181,6.278627895143576,0.01271882613049725,,,,,,,,,,,,,,,,,,,,,,,,,,,,,,,,,,,,,,,,,,,,,,,,,,,,,,,,,,,,,,,,,,,,,,,,,,,,,,,,,,,,,,,,,,,,,,,,,,,,
,,,,,,,,,,,,,,,,,,,,,,,,,,,,,,,,,,,,,,,,2604.7414285714285,46103.45,0.0,802260.36,3835.5295741962573,321.1363636363636,8000.0,60.0,98910.0,599.8896322832524,686.4058441558442,12504.96,172.08,211413.0,961.1343429434196,3.6632316287517463,10.036270277341707,0.0,1128.2753416555379,1.148260322050915,,,,,,,,,,,,,,,,,,,,,,,,,,,,,,,,,,,,,,,,,,,,,,,,,,,,,,,,,,,,,,,,,,,,,,,,,,,,,,,,,,,,,,,,,,,,,,,,,,,,
,,,,,,,,,,,,,,,,,,,,,,,,,,,,,,,,,,,,,,,,1165.110263157895,3501.3,18.0,22137.095,837.4659352284023,107.63157894736842,485.0,20.0,2045.0,117.49761724596601,339.6063157894737,1280.16,117.0,6452.52,284.9548777576807,3.651071193549002,6.684944968553459,0.15384615384615385,69.37035267743104,1.4906769973392588,,,,,,,,,,,,,,,,,,,,,,,,,,,,,,,,,,,,,,,,,,,,,,,,,,,,,,,,,,,,,,,,,,,,,,,,,,,,,,,,,,,,,,,,,,,,,,,,,,,,
,,,,,,,,,,,,,,,,,,,,,,,,,,,,,,,,,,,,,,,,1859.62375,8647.56,384.9,133892.91,1504.2992398010515,185.77777777777777,720.0,30.0,13376.0,143.38466162514865,487.6116666666667,1874.1599999999999,152.64,35108.04,336.5078993233922,3.837417885437764,11.37219730941704,1.888987043580683,276.294087751519,1.4608236412404632,,,,,,,,,,,,,,,,,,,,,,,,,,,,,,,,,,,,,,,,,,,,,,,,,,,,,,,,,,,,,,,,,,,,,,,,,,,,,,,,,,,,,,,,,,,,,,,,,,,,
,,,,,,,,,,,,,,,,,,,,,,,,,,,,,,,,,,,,,,,,2316.575495841331,43050.0,0.0,3620807.5,3044.9811850076794,257.31074168797954,7000.0,25.0,402434.0,424.436302230402,623.7675191815857,10849.92,122.88,975572.4,772.817619950652,3.7109153543250963,13.72292751736111,0.0,5800.160698810126,1.0795216351089185,,,,,,,,,,,,,,,,,,,,,,,,,,,,,,,,,,,,,,,,,,,,,,,,,,,,,,,,,,,,,,,,,,,,,,,,,,,,,,,,,,,,,,,,,,,,,,,,,,,,
,,,,,,,,,,,,,,,,,,,,,,,,,,,,,,,,,,,,,,,,3053.9956655290102,22970.43,0.0,894820.73,3098.789160605303,11.331058020477816,800.0,0.0,3320.0,72.82886882847806,25.121774744027306,1640.16,0.0,7360.68,157.7604846338524,inf,inf,2.6106770833333335,inf,,,,,,,,,,,,,,,,,,,,,,,,,,,,,,,,,,,,,,,,,,,,,,,,,,,,,,,,,,,,,,,,,,,,,,,,,,,,,,,,,,,,,,,,,,,,,,,,,,,,,
,,,,,,,,,,,,,,,,,,,,,,,,,,,,,,,,,,,,,,,,5784.040238095238,67825.0,0.0,242929.69,11340.782895133332,0.0,0.0,0.0,0.0,0.0,0.0,0.0,0.0,0.0,0.0,inf,inf,inf,inf,,,,,,,,,,,,,,,,,,,,,,,,,,,,,,,,,,,,,,,,,,,,,,,,,,,,,,,,,,,,,,,,,,,,,,,,,,,,,,,,,,,,,,,,,,,,,,,,,,,,,
,,,,,,,,,,,,,,,,,,,,,,,,,,,,,,,,,,,,,,,,3397.3824999999997,9250.0,0.0,81537.18,2112.410480820533,0.0,0.0,0.0,0.0,0.0,0.0,0.0,0.0,0.0,0.0,inf,inf,inf,inf,,,,,,,,,,,,,,,,,,,,,,,,,,,,,,,,,,,,,,,,,,,,,,,,,,,,,,,,,,,,,,,,,,,,,,,,,,,,,,,,,,,,,,,,,,,,,,,,,,,,,
,,,,,,,,,,,,,,,,,,,,,,,,,,,,,,,,,,,,,,,,,,,,,,,,,,,,,,,,,,,,2844.6779798298144,151035.11,-200.0,18052326.46,5164.585664876367,354.1088703324405,25085.0,16.0,2247529.0,902.9613209563167,709.153659996849,43086.72,114.48,4500998.28,1435.1783931827335,4.108920005192575,19.803064275037368,-0.47241118669690096,26075.20635295208,1.1057480779905984,,,,,,,,,,,,,,,,,,,,,,,,,,,,,,,,,,,,,,,,,,,,,,,,,,,,,,,,,,,,,2716.5981756180736,101574.25,0.0,3186569.66,4570.465885572982,339.96078431372547,22500.0,0.0,398774.0,870.4355722806447,759.7556010230179,35156.159999999996,0.0,891193.32,1432.2980027383287,inf,inf,0.0,inf,
,,,,,,,,,,,,,,,,,,,,,,,,,,,,,,,,,,,,,,,,,,,,,,,,,,,,,,,,,,,,0.0,0.0,0.0,0.0,,240.0,240.0,240.0,240.0,,468.72,468.72,468.72,468.72,,0.0,0.0,0.0,0.0,,,,,,,,,,,,,,,,,,,,,,,,,,,,,,,,,,,,,,,,,,,,,,,,,,,,,,,,,,,,,,2736.219597156398,54488.8,0.0,3464054.01,4106.638069047919,341.0434439178515,10000.0,0.0,431761.0,659.5003490250012,776.6137440758293,17234.4,0.0,983193.0,1195.5513062652105,inf,inf,0.0,inf,
,,,,,,,,,,,,,,,,,,,,,,,,,,,,,,,,,,,,,,,,,,,,,,,,,,,,,,,,,,,,2835.719272061166,79234.12,-94.8,17802645.59,4126.608751467703,354.79949036470776,10000.0,16.0,2227786.0,651.5705588376863,849.5201720019112,17234.4,122.76,5334137.16,1180.8766668037097,3.319449746849366,12.699170124481329,-0.4140461215932914,20839.50551072032,0.8508290553101735,,,,,,,,,,,,,,,,,,,,,,,,,,,,,,,,,,,,,,,,,,,,,,,,,,,,,,,,,,,,,2786.8081932495033,65565.0,0.0,4210867.18,4372.169443125714,341.5400397088021,15500.0,0.0,516067.0,761.2643497174463,763.707637326274,23584.32,0.0,1153962.24,1272.555241049399,inf,inf,0.0,inf,
,,,,,,,,,,,,,,,,,,,,,,,,,,,,,,,,,,,,,,,,,,,,,,,,,,,,,,,,,,,,1968.6970451596158,52400.0,-1e-13,7585389.715,2542.564207171586,220.96729820918765,10000.0,20.0,851387.0,393.1074830361252,572.4821905009084,17134.2,108.0,2205773.88,742.701732098195,3.5020853674574455,13.67364662742449,-5.383290267011198e-16,13493.534920813538,0.8165736731443535,,,,,,,,,,,,,,,,,,,,,,,,,,,,,,,,,,,,,,,,,,,,,,,,,,,,,,,,,,,,,2718.661960641399,67825.0,0.0,3730004.21,4057.018745347425,314.59620991253644,10000.0,0.0,431626.0,569.2268921772293,712.3244606413995,15649.92,0.0,977309.16,1003.72333917412,inf,inf,0.0,inf,
,,,,,,,,,,,,,,,,,,,,,,,,,,,,,,,,,,,,,,,,,,,,,,,,,,,,,,,,,,,,4916.164696969697,67825.0,0.0,324466.87,9167.480601270528,0.0,0.0,0.0,0.0,0.0,0.0,0.0,0.0,0.0,0.0,inf,inf,inf,inf,,,,,,,,,,,,,,,,,,,,,,,,,,,,,,,,,,,,,,,,,,,,,,,,,,,,,,,,,,,,,,2655.4450801393727,137620.0,0.0,3810563.69,4893.886385403965,311.9066202090592,20000.0,0.0,447586.0,705.4001769805385,702.5504947735192,30460.8,0.0,1008159.96,1160.8892725928529,inf,inf,0.0,inf,
,,,,,,,,,,,,,,,,,,,,,,,,,,,,,,,,,,,,,,,,,,,,,,,,,,,,,,,,,,,,,,,,,,,,,,,,,,,,,,,,933.6,933.6,933.6,933.6,,120.0,120.0,120.0,120.0,,340.56,340.56,340.56,340.56,,2.7413671599718112,2.7413671599718112,2.7413671599718112,2.7413671599718112,,,,,,,,,,,,,,,,,,,,,,,,,,,,,,,,,,,,,,,,,,,,,,,,,,,,,,,,,,,,,
,,,,,,,,,,,,,,,,,,,,,,,,,,,,,,,,,,,,,,,,,,,,,,,,,,,,,,,,,,,,,,,,,,,,,,,,,,,,,,,,4134.069657534247,96543.7,0.0,603574.17,8842.452482841252,557.5850340136054,20135.0,0.0,81965.0,1758.4241265450098,1130.8,30624.96,0.0,166227.6,2734.6847029258124,inf,inf,0.0,inf,,,,,,,,,,,,,,,,,,,,,,,,,,,,,,,,,,,,,,,,,,,,,,,,,,,,,,,,,,,,,
,,,,,,,,,,,,,,,,,,,,,,,,,,,,,,,,,,,,,,,,,,,,,,,,,,,,,,,,,,,,,,,,,,,,,,,,,,,,,,,,2220.589203099059,52427.0,0.0,8025209.38,2883.0177051555625,240.24626452684006,10300.0,0.0,868250.0,441.3690031733529,578.0264858882125,17134.2,0.0,2088987.72,782.0535580478086,inf,inf,0.0,inf,,,,,,,,,,,,,,,,,,,,,,,,,,,,,,,,,,,,,,,,,,,,,,,,,,,,,,,,,,,,,
,,,,,,,,,,,,,,,,,,,,,,,,,,,,,,,,,,,,,,,,,,,,,,,,,,,,,,,,,,,,,,,,,,,,,,,,,,,,,,,,1958.4776470588238,9508.19,830.4,66588.24,1805.000082068426,195.52941176470588,1200.0,60.0,6648.0,255.21675105256182,479.48470588235296,2314.92,184.32,16302.48,483.9515388475804,4.337485417744925,5.871182757810665,2.8845463680735,147.47450420332746,0.6789483343567141,,,,,,,,,,,,,,,,,,,,,1998.4942105263158,9508.19,830.4,75942.78,1705.914198147507,196.26315789473685,1200.0,60.0,7458.0,240.71533981487474,479.11263157894734,2314.92,184.32,18206.28,457.13246195306016,4.410741445986226,6.320547862001944,2.8845463680735,167.6081749474766,0.7507808590219432,,,,,,,,,,,,,,,,,,,,
,,,,,,,,,,,,,,,,,,,,,,,,,,,,,,,,,,,,,,,,,,,,,,,,,,,,,,,,,,,,,,,,,,,,,,,,,,,,,,,,2561.5144227188084,79234.12,0.0,11004265.96,3824.5700546740286,300.19832402234636,15000.0,0.0,1289652.0,612.8329021956055,687.2893575418994,22818.24,0.0,2952595.08,1042.392145821329,inf,inf,0.0,inf,,,,,,,,,,,,,,,,,,,,,,,,,,,,,,,,,,,,,,,,,,,,,,,,,,,,,,,,,,,,,
,,,,,,,,,,,,,,,,,,,,,,,,,,,,,,,,,,,,,,,,,,,,,,,,,,,,,,,,,,,,,,,,,,,,,,,,,,,,,,,,3067.4984567901233,60910.0,0.0,1987739.0,4422.243332219823,355.7237654320988,12000.0,0.0,230509.0,735.0955163561695,800.4898148148148,18151.92,0.0,518717.4,1286.1563925085823,inf,inf,0.0,inf,,,,,,,,,,,,,,,,,,,,,,,,,,,,,,,,,,,,,,,,,,,,,,,,,,,,,,,,,,,,,
,,,,,,,,,,,,,,,,,,,,,,,,,,,,,,,,,,,,,,,,,,,,,,,,,,,,,,,,,,,,,,,,,,,,,,,,,,,,,,,,2510.8277939747327,42672.5,0.0,2583641.8,3519.0831632782115,317.1098153547133,8450.0,0.0,326306.0,578.9495356048799,708.566997084548,13744.08,0.0,729115.44,981.4747507011241,inf,inf,0.0,inf,,,,,,,,,,,,,,,,,,,,,,,,,,,,,,,,,,,,,,,,,,,,,,,,,,,,,,,,,,,,,
,,,,,,,,,,,,,,,,,,,,,,,,,,,,,,,,,,,,,,,,,,,,,,,,,,,,,,,,,,,,,,,,,,,,,,,,,,,,,,,,,,,,,,,,,,,,,,,,,,,,1119.6,1155.6,1083.6,2239.2,50.91168824543142,120.0,120.0,120.0,240.0,0.0,351.78,363.0,340.56,703.56,15.867476169826105,3.1826446280991734,3.183471074380165,3.1818181818181817,6.365289256198347,0.001168771539151283,,,,,,,,,,,,,,,,,,,,,,,,,,,,,,,,,,,,,,,,
,,,,,,,,,,,,,,,,,,,,,,,,,,,,,,,,,,,,,,,,,,,,,,,,,,,,,,,,,,,,,,,,,,,,,,,,,,,,,,,,,,,,,,,,,,,,,,,,,,,,4158.22,4158.22,4158.22,4158.22,,360.0,360.0,360.0,360.0,,1021.6800000000001,1021.6800000000001,1021.6800000000001,1021.6800000000001,,4.069982773471145,4.069982773471145,4.069982773471145,4.069982773471145,,,,,,,,,,,,,,,,,,,,,,,,,,,,,,,,,,,,,,,,,
,,,,,,,,,,,,,,,,,,,,,,,,,,,,,,,,,,,,,,,,,,,,,,,,,,,,,,,,,,,,,,,,,,,,,,,,,,,,,,,,,,,,,,,,,,,,,,,,,,,,2315.6304347826085,24312.52,175.0,53259.5,4847.746075945059,246.2173913043478,2654.0,0.0,5663.0,535.1995342878918,571.0173913043478,4596.48,0.0,13133.4,917.1568333676008,inf,inf,2.5068306010928962,inf,,,,,,,,,,,,,,,,,,,,,,,,,,,,,,,,,,,,,,,,,
,,,,,,,,,,,,,,,,,,,,,,,,,,,,,,,,,,,,,,,,,,,,,,,,,,,,,,,,,,,,,,,,,,,,,,,,,,,,,,,,,,,,,,,,,,,,,,,,,,,,2605.454553837002,137620.0,0.0,8759538.21,4478.802434682723,345.79446757882215,20000.0,0.0,1162561.0,721.8631924428055,764.8549434860201,30460.8,0.0,2571442.32,1216.2081657578474,inf,inf,0.0,inf,,,,,,,,,,,,,,,,,,,,,,,,,,,,,,,,,,,,,,,,,
,,,,,,,,,,,,,,,,,,,,,,,,,,,,,,,,,,,,,,,,,,,,,,,,,,,,,,,,,,,,,,,,,,,,,,,,,,,,,,,,,,,,,,,,,,,,,,,,,,,,2156.8049593495934,47937.34,0.0,530574.02,3581.9487322380583,263.7439024390244,8100.0,0.0,64881.0,584.995031780242,624.1614634146341,13141.44,0.0,153543.72,1007.027466692014,inf,inf,0.0,inf,,,,,,,,,,,,,,,,,,,,,,,,,,,,,,,,,,,,,,,,,
,,,,,,,,,,,,,,,,,,,,,,,,,,,,,,,,,,,,,,,,,,,,,,,,,,,,,,,,,,,,,,,,,,,,,,,,,,,,,,,,,,,,,,,,,,,,,,,,,,,,2710.9610968379448,27510.0,0.0,2743492.63,2949.141167610704,255.38735177865613,5250.0,0.0,258452.0,389.1043256244865,612.3613043478261,8218.08,0.0,619709.64,708.4914979895797,inf,inf,0.0,inf,,,,,,,,,,,,,,,,,,,,,,,,,,,,,,,,,,,,,,,,,
,,,,,,,,,,,,,,,,,,,,,,,,,,,,,,,,,,,,,,,,,,,,,,,,,,,,,,,,,,,,,,,,,,,,,,,,,,,,,,,,,,,,,,,,,,,,,,,,,,,,1568.6654545454546,2475.9,653.5,17255.32,533.0578398140982,186.54545454545453,310.0,65.0,2052.0,74.60745758483348,473.2145454545455,911.76,215.04,5205.360000000001,197.31934909499557,3.394976247943718,4.232804232804233,2.7155172413793105,37.3447387273809,0.48016934138158934,,,,,,,,,,,,,,,,,,,,,,,,,,,,,,,,,,,,,,,,
,,,,,,,,,,,,,,,,,,,,,,,,,,,,,,,,,,,,,,,,,,,,,,,,,,,,,,,,,,,,,,,,,,,,,,,,,,,,,,,,,,,,,,,,,,,,,,,,,,,,8100.55,17471.4,1334.4,24301.65,8377.889878573244,696.6666666666666,1470.0,120.0,2090.0,696.1561127601576,1564.92,3365.52,294.36,4694.76,1602.7204177897029,5.011711074154107,5.310615723562152,4.533224622910722,15.03513322246232,0.4186543305709745,,,,,,,,,,,,,,,,,,,,,,,,,,,,,,,,,,,,,,,,
,,,,,,,,,,,,,,,,,,,,,,,,,,,,,,,,,,,,,,,,,,,,,,,,,,,,,,,,,,,,,,,,,,,,,,,,,,,,,,,,,,,,,,,,,,,,,,,,,,,,1958.6575,18278.0,409.2,62677.04,3194.2009345354427,240.9375,2600.0,30.0,7710.0,455.8975505669045,628.5675,6128.64,152.64,20114.16,1072.7986520612878,3.175369631526135,4.235618597320725,2.5350877192982453,101.61182820883631,0.41586017738092645,,,,,,,,,,,,,,,,,,,,,,,,,,,,,,,,,,,,,,,,
,,,,,,,,,,,,,,,,,,,,,,,,,,,,,,,,,,,,,,,,,,,,,,,,,,,,,,,,,,,,,,,,,,,,,,,,,,,,,,,,,,,,,,,,,,,,,,,,,,,,2702.0168113879004,60910.0,0.0,3796333.62,3832.7100364458825,304.21281138790033,12000.0,0.0,427419.0,603.8571068835382,696.4017651245551,18151.92,0.0,978444.48,1027.4907684496739,inf,inf,0.0,inf,,,,,,,,,,,,,,,,,,,,,,,,,,,,,,,,,,,,,,,,,
,,,,,,,,,,,,,,,,,,,,,,,,,,,,,,,,,,,,,,,,,,,,,,,,,,,,,,,,,,,,,,,,,,,,,,,,,,,,,,,,,,,,,,,,,,,,,,,,,,,,2253.634863258026,53080.27,0.0,1895306.92,3455.7607835373988,280.53444180522564,10000.0,0.0,236210.0,594.9484489915219,658.8562945368171,15230.4,0.0,554757.0,1013.0753384999852,inf,inf,0.0,inf,,,,,,,,,,,,,,,,,,,,,,,,,,,,,,,,,,,,,,,,,
,,,,,,,,,,,,,,,,,,,,,,,,,,,,,,,,,,,,,,,,,,,,,,,,,,,,,,,,,,,,,,,,,,,,,,,,,,,,,,,,,,,,,,,,,,,,,,,,,,,,2592.777730923695,151035.11,0.0,2582406.62,5836.875762035517,342.18172690763055,25085.0,0.0,340813.0,971.1334216888206,757.2477108433735,43086.72,0.0,754218.72,1711.4614768866745,inf,inf,0.0,inf,,,,,,,,,,,,,,,,,,,,,,,,,,,,,,,,,,,,,,,,,
,,,,,,,,,,,,,,,,,,,,,,,,,,,,,,,,,,,,,,,,,,,,,,,,,,,,,,,,,,,,,,,,,,,,,,,,,,,,,,,,,,,,,,,,,,,,,,,,,,,,2306.8966666666665,3843.38,1309.2,6920.69,1350.272332617881,79.33333333333333,120.0,0.0,238.0,68.71195917257296,221.0,368.64,0.0,663.0,194.96186704071133,inf,inf,3.551432291666667,inf,,,,,,,,,,,,,,,,,,,,,,,,,,,,,,,,,,,,,,,,,
,,,,,,,,,,,,,,,,,,,,,,,,,,,,,,,,,,,,,,,,,,,,,,,,,,,,,,,,,,,,,,,,,,,,,,,,,,,,,,,,,,,,,,,,,,,,,,,,,,,,1088.61,1088.61,1088.61,1088.61,,65.0,65.0,65.0,65.0,,215.04,215.04,215.04,215.04,,5.062360491071428,5.062360491071428,5.062360491071428,5.062360491071428,,,,,,,,,,,,,,,,,,,,,,,,,,,,,,,,,,,,,,,,,
,,,,,,,,,,,,,,,,,,,,,,,,,,,,,,,,,,,,,,,,,,,,,,,,,,,,,,,,,,,,,,,,,,,,,,,,,,,,,,,,,,,,,,,,,,,,,,,,,,,,2029.3742613636364,20475.59,0.0,714339.74,2010.3856212240796,170.01704545454547,1400.0,0.0,59846.0,207.92330863259966,441.2492045454546,3636.96,0.0,155319.72,440.07573357223134,inf,inf,0.0,inf,,,,,,,,,,,,,,,,,,,,,,,,,,,,,,,,,,,,,,,,,
,,,,,,,,,,,,,,,,,,,,,,,,,,,,,,,,,,,,,,,,,,,,,,,,,,,,,,,,,,,,,,,,,,,,,,,,,,,,,,,,,,,,,,,,,,,,,,,,,,,,1100.2846153846153,3877.2,0.0,14303.7,1210.885400472284,97.6923076923077,360.0,0.0,1270.0,112.40950776467903,270.3692307692308,729.12,0.0,3514.8,234.00450488760322,inf,inf,0.0,inf,,,,,,,,,,,,,,,,,,,,,,,,,,,,,,,,,,,,,,,,,
,,,,,,,,,,,,,,,,,,,,,,,,,,,,,,,,,,,,,,,,,,,,,,,,,,,,,,,,,,,,,,,,,,,,,,,,,,,,,,,,,,,,,,,,,,,,,,,,,,,,1810.4666666666665,2908.0,623.4,5431.4,1144.9285800142004,153.33333333333334,200.0,60.0,460.0,80.82903768654761,555.84,864.0,184.32,1667.52,344.24132930256934,3.2721258837568192,3.3821614583333335,3.0684754521963824,9.816377651270457,0.17655745154942615,,,,,,,,,,,,,,,,,,,,,,,,,,,,,,,,,,,,,,,,
,,,,,,,,,,,,,,,,,,,,,,,,,,,,,,,,,,,,,,,,,,,,,,,,,,,,,,,,,,,,,,,,,,,,,,,,,,,,,,,,,,,,,,,,,,,,,,,,,,,,3219.835257731959,23880.0,438.0,312324.02,3769.0802817849044,379.0927835051546,3000.0,60.0,36772.0,530.6449119246753,850.3014432989692,4879.44,151.2,82479.24,929.4865192686025,3.845990737124687,5.988075371992769,0.3960503472222222,373.06110150109464,0.9984306546958993,,,,,,,,,,,,,,,,,,,,,,,,,,,,,,,,,,,,,,,,
,,,,,,,,,,,,,,,,,,,,,,,,,,,,,,,,,,,,,,,,,,,,,,,,,,,,,,,,,,,,,,,,,,,,,,,,,,,,,,,,,,,,,,,,,,,,,,,,,,,,2718.574434931507,39220.99,0.0,4762942.41,3062.8378845759403,242.39840182648402,5000.0,0.0,424682.0,375.3071400988919,584.1735616438356,8125.92,0.0,1023472.08,695.2355182236852,inf,inf,0.0,inf,,,,,,,,,,,,,,,,,,,,,,,,,,,,,,,,,,,,,,,,,
,,,,,,,,,,,,,,,,,,,,,,,,,,,,,,,,,,,,,,,,,,,,,,,,,,,,,,,,,,,,,,,,,,,,,,,,,,,,,,,,,,,,,,,,,,,,,,,,,,,,2444.9733333333334,9912.0,963.6,22004.76,2894.0332987718025,287.3333333333333,1200.0,60.0,2586.0,359.0292467195396,685.8666666666667,2314.92,269.28,6172.8,668.9465416608415,3.346366888326058,4.281789435488052,2.7963688879719415,30.117301994934525,0.5121376006735566,,,,,,,,,,,,,,,,,,,,,,,,,,,,,,,,,,,,,,,,
,,,,,,,,,,,,,,,,,,,,,,,,,,,,,,,,,,,,,,,,,,,,,,,,,,,,,,,,,,,,,,,,,,,,,,,,,,,,,,,,,,,,,,,,,,,,,,,,,,,,2477.545125628141,27214.29,0.0,986062.96,3155.866746850929,241.71608040201005,5000.0,0.0,96203.0,443.7518905258922,569.1898492462311,8627.52,0.0,226537.56,794.0861207445773,inf,inf,0.0,inf,,,,,,,,,,,,,,,,,,,,,,,,,,,,,,,,,,,,,,,,,
,,,,,,,,,,,,,,,,,,,,,,,,,,,,,,,,,,,,,,,,,,,,,,,,,,,,,,,,,,,,,,,,,,,,,,,,,,,,,,,,,,,,,,,,,,,,,,,,,,,,2647.9725702576116,101574.25,-1e-13,9045474.3,4319.600563135684,338.43237704918033,22500.0,0.0,1156085.0,755.2942432997014,753.4570608899297,35156.159999999996,0.0,2573809.32,1253.6524725652584,inf,inf,-5.383290267011198e-16,inf,,,,,,,,,,,,,,,,,,,,,,,,,,,,,,,,,,,,,,,,,
,,,,,,,,,,,,,,,,,,,,,,,,,,,,,,,,,,,,,,,,,,,,,,,,,,,,,,,,,,,,,,,,,,,,,,,,,,,,,,,,,,,,,,,,,,,,,,,,,,,,2682.3141588785047,32830.98,-1e-14,574015.23,3049.2760340331006,252.51869158878506,5404.0,0.0,54039.0,430.7156367522324,606.3964485981309,8716.8,0.0,129768.84,768.425871150884,inf,inf,-6.41025641025641e-17,inf,,,,,,,,,,,,,,,,,,,,,,,,,,,,,,,,,,,,,,,,,
,,,,,,,,,,,,,,,,,,,,,,,,,,,,,,,,,,,,,,,,,,,,,,,,,,,,,,,,,,,,,,,,,,,,,,,,,,,,,,,,,,,,,,,,,,,,,,,,,,,,2982.591840317101,96543.7,0.0,2633628.595,6302.128024256532,418.1268403171008,20135.0,0.0,369206.0,1189.6565482163985,900.0744733861835,30624.96,0.0,794765.76,1952.1107174267352,inf,inf,0.0,inf,,,,,,,,,,,,,,,,,,,,,,,,,,,,,,,,,,,,,,,,,
,,,,,,,,,,,,,,,,,,,,,,,,,,,,,,,,,,,,,,,,,,,,,,,,,,,,,,,,,,,,,,,,,,,,,,,,,,,,,,,,,,,,,,,,,,,,,,,,,,,,2062.625,2865.0,764.5,8250.5,1011.0652282782419,187.5,250.0,50.0,750.0,94.64847243000456,484.38,670.56,228.96,1937.52,184.66575643578315,4.130430910503094,5.536873840445269,3.339011180992313,16.521723642012375,1.032454383304532,,,,,,,,,,,,,,,,,,,,,,,,,,,,,,,,,,,,,,,,
,,,,,,,,,,,,,,,,,,,,,,,,,,,,,,,,,,,,,,,,,,,,,,,,,,,,,,,,,,,,,,,,,,,,,,,,,,,,,,,,,,,,,,,,,,,,,,,,,,,,2227.153490566038,17982.8,0.0,236078.27,2342.330841545108,285.6320754716981,3356.0,0.0,30277.0,401.68941628059076,683.557358490566,6463.44,0.0,72457.08,770.9332391086014,inf,inf,0.0,inf,,,,,,,,,,,,,,,,,,,,,,,,,,,,,,,,,,,,,,,,,
,,,,,,,,,,,,,,,,,,,,,,,,,,,,,,,,,,,,,,,,,,,,,,,,,,,,,,,,,,,,,,,,,,,,,,,,,,,,,,,,,,,,,,,,,,,,,,,,,,,,3299.2334905660377,26902.35,-62.5,349718.75,4167.489966528794,461.0377358490566,4695.0,0.0,48870.0,703.2243281523336,999.9837735849056,8064.36,0.0,105998.28,1291.858866568748,inf,inf,-0.09823337105494782,inf,,,,,,,,,,,,,,,,,,,,,,,,,,,,,,,,,,,,,,,,,
,,,,,,,,,,,,,,,,,,,,,,,,,,,,,,,,,,,,,,,,,,,,,,,,,,,,,,,,,,,,,,,,,,,,,,,,,,,,,,,,,,,,,,,,,,,,,,,,,,,,2218.917844827586,17580.0,0.0,257394.47,2710.8805615762267,261.3103448275862,2750.0,0.0,30312.0,400.7708097890994,584.408275862069,4435.2,0.0,67791.36,707.1783167149458,inf,inf,2.2334229390681,inf,,,,,,,,,,,,,,,,,,,,,,,,,,,,,,,,,,,,,,,,,
,,,,,,,,,,,,,,,,,,,,,,,,,,,,,,,,,,,,,,,,,,,,,,,,,,,,,,,,,,,,,,,,,,,,,,,,,,,,,,,,,,,,,,,,,,,,,,,,,,,,3399.5150000000003,6460.0,1431.3,13598.060000000001,2376.1950177191547,445.5,1000.0,130.0,1782.0,407.23580392691406,1061.79,2050.2,547.2,4247.16,693.3517367108846,3.0944734151945985,3.9606137909709336,2.3277712724434036,12.377893660778394,0.6746639330090425,,,,,,,,,,,,,,,,,,,,,,,,,,,,,,,,,,,,,,,,
,,,,,,,,,,,,,,,,,,,,,,,,,,,,,,,,,,,,,,,,,,,,,,,,,,,,,,,,,,,,,,,,,,,,,,,,,,,,,,,,,,,,,,,,,,,,,,,,,,,,,,,,,,,,,,,,,,,,,,,,2193.2247276688454,27214.29,0.0,1006690.15,2540.42842793673,184.78213507625273,2800.0,0.0,84815.0,292.4018374212263,466.5563398692811,5692.32,0.0,214149.36000000002,563.8518578527891,inf,inf,0.0,inf,,,,,,,,,,,,,,,,,,,,,
,,,,,,,,,,,,,,,,,,,,,,,,,,,,,,,,,,,,,,,,,,,,,,,,,,,,,,,,,,,,,,,,,,,,,,,,,,,,,,,,,,,,,,,,,,,,,,,,,,,,,,,,,,,,,,,,,,,,,,,,3812.03,3812.03,3812.03,3812.03,,360.0,360.0,360.0,360.0,,896.52,896.52,896.52,896.52,,4.252030071833311,4.252030071833311,4.252030071833311,4.252030071833311,,,,,,,,,,,,,,,,,,,,,
,,,,,,,,,,,,,,,,,,,,,,,,,,,,,,,,,,,,,,,,,,,,,,,,,,,,,,,,,,,,,,,,,,,,,,,,,,,,,,,,,,,,,,,,,,,,,,,,,,,,,,,,,,,,,,,,,,,,,,,,2536.741806615776,26492.57,585.6,996939.53,2550.3625268714136,240.24427480916032,4000.0,0.0,94416.0,306.9689729951211,588.2836641221375,6894.72,0.0,231195.48,586.8894233530563,inf,inf,1.6181560436405398,inf,,,,,,,,,,,,,,,,,,,,,
,,,,,,,,,,,,,,,,,,,,,,,,,,,,,,,,,,,,,,,,,,,,,,,,,,,,,,,,,,,,,,,,,,,,,,,,,,,,,,,,,,,,,,,,,,,,,,,,,,,,,,,,,,,,,,,,,,,,,,,,832.2,832.2,832.2,832.2,,60.0,60.0,60.0,60.0,,184.32,184.32,184.32,184.32,,4.514973958333334,4.514973958333334,4.514973958333334,4.514973958333334,,,,,,,,,,,,,,,,,,,,,
,,,,,,,,,,,,,,,,,,,,,,,,,,,,,,,,,,,,,,,,,,,,,,,,,,,,,,,,,,,,,,,,,,,,,,,,,,,,,,,,,,,,,,,,,,,,,,,,,,,,,,,,,,,,,,,,,,,,,,,,2186.5133515881707,20939.88,168.0,1996286.69,2146.8056320520645,192.90690032858708,2750.0,0.0,176124.0,243.96304249547535,482.97226725082146,4435.2,0.0,440953.68,465.29059918286134,inf,inf,0.9114583333333334,inf,,,,,,,,,,,,,,,,,,,,,
,,,,,,,,,,,,,,,,,,,,,,,,,,,,,,,,,,,,,,,,,,,,,,,,,,,,,,,,,,,,,,,,,,,,,,,,,,,,,,,,,,,,,,,,,,,,,,,,,,,,,,,,,,,,,,,,,,,,,,,,2228.965874125874,24350.0,385.8,956226.36,2349.607300123956,202.92074592074593,3000.0,0.0,87053.0,273.16714314982784,500.8050349650349,5180.64,0.0,214845.36,518.4337339938578,inf,inf,1.9151069518716577,inf,,,,,,,,,,,,,,,,,,,,,
,,,,,,,,,,,,,,,,,,,,,,,,,,,,,,,,,,,,,,,,,,,,,,,,,,,,,,,,,,,,,,,,,,,,,,,,,,,,,,,,,,,,,,,,,,,,,,,,,,,,,,,,,,,,,,,,,,,,,,,,2116.6353711790393,17928.0,469.2,484709.5,1996.2470621104544,157.29694323144105,1800.0,0.0,36021.0,214.3960080787161,424.6433187772926,4548.96,0.0,97243.32,499.5904663834349,inf,inf,2.710526315789474,inf,,,,,,,,,,,,,,,,,,,,,
,,,,,,,,,,,,,,,,,,,,,,,,,,,,,,,,,,,,,,,,,,,,,,,,,,,,,,,,,,,,,,,,,,,,,,,,,,,,,,,,,,,,,,,,,,,,,,,,,,,,,,,,,,,,,,,,,,,,,,,,2149.478418079096,17190.0,0.0,380457.68,2304.6058075743545,228.090395480226,3000.0,0.0,40372.0,354.16501156747916,559.4894915254238,5180.64,0.0,99029.64,691.8642528444034,inf,inf,0.0,inf,,,,,,,,,,,,,,,,,,,,,
,,,,,,,,,,,,,,,,,,,,,,,,,,,,,,,,,,,,,,,,,,,,,,,,,,,,,,,,,,,,,,,,,,,,,,,,,,,,,,,,,,,,,,,,,,,,,,,,,,,,,,,,,,,,,,,,,,,,,,,,2198.9534615384614,34050.24,0.0,457382.32,3170.234266467172,295.7355769230769,5000.0,34.0,61513.0,510.60332059114074,683.1167307692308,10395.599999999999,151.2,142088.28,976.0219351760575,3.2600626268315134,6.019922254616132,0.0,678.0930263809548,0.5770716847579248,,,,,,,,,,,,,,,,,,,,
,,,,,,,,,,,,,,,,,,,,,,,,,,,,,,,,,,,,,,,,,,,,,,,,,,,,,,,,,,,,,,,,,,,,,,,,,,,,,,,,,,,,,,,,,,,,,,,,,,,,,,,,,,,,,,,,,,,,,,,,2911.316563218391,54488.8,0.0,2532845.41,3670.99422002969,310.0425287356322,8480.0,0.0,269737.0,534.0174542628257,702.5492413793103,16488.6,0.0,611217.84,974.3576071234725,inf,inf,0.0,inf,,,,,,,,,,,,,,,,,,,,,
,,,,,,,,,,,,,,,,,,,,,,,,,,,,,,,,,,,,,,,,,,,,,,,,,,,,,,,,,,,,,,,,,,,,,,,,,,,,,,,,,,,,,,,,,,,,,,,,,,,,,,,,,,,,,,,,,,,,,,,,2532.879142857143,10907.2,603.6,88650.77,2499.7874175257048,248.82857142857142,1360.0,0.0,8709.0,303.8572116011348,610.8651428571428,3739.8,0.0,21380.28,697.8298614881265,inf,inf,2.504553734061931,inf,,,,,,,,,,,,,,,,,,,,,
,,,,,,,,,,,,,,,,,,,,,,,,,,,,,,,,,,,,,,,,,,,,,,,,,,,,,,,,,,,,,,,,,,,,,,,,,,,,,,,,,,,,,,,,,,,,,,,,,,,,,,,,,,,,,,,,,,,,,,,,2809.7721835748794,101574.25,0.0,5816228.42,4535.748116757505,349.8942028985507,22500.0,0.0,724281.0,841.7619016086012,781.3426086956522,35156.159999999996,0.0,1617379.2,1420.5457858800241,inf,inf,0.0,inf,,,,,,,,,,,,,,,,,,,,,
,,,,,,,,,,,,,,,,,,,,,,,,,,,,,,,,,,,,,,,,,,,,,,,,,,,,,,,,,,,,,,,,,,,,,,,,,,,,,,,,,,,,,,,,,,,,,,,,,,,,,,,,,,,,,,,,,,,,,,,,2403.839282868526,21567.0,0.0,603363.66,2895.237600740548,252.44621513944224,3900.0,0.0,63364.0,458.5277397231464,588.8490836653386,6259.2,0.0,147801.12,817.1917397137324,inf,inf,0.0,inf,,,,,,,,,,,,,,,,,,,,,
,,,,,,,,,,,,,,,,,,,,,,,,,,,,,,,,,,,,,,,,,,,,,,,,,,,,,,,,,,,,,,,,,,,,,,,,,,,,,,,,,,,,,,,,,,,,,,,,,,,,,,,,,,,,,,,,,,,,,,,,1910.8194117647058,5260.34,558.0,32483.93,1418.5569400647555,144.7058823529412,420.0,0.0,2460.0,122.32730924955104,394.56705882352935,1105.56,0.0,6707.639999999999,282.38465193253484,inf,inf,2.072192513368984,inf,,,,,,,,,,,,,,,,,,,,,
,,,,,,,,,,,,,,,,,,,,,,,,,,,,,,,,,,,,,,,,,,,,,,,,,,,,,,,,,,,,,,,,,,,,,,,,,,,,,,,,,,,,,,,,,,,,,,,,,,,,,,,,,,,,,,,,,,,,,,,,3108.5080952380954,36725.28,581.4,391672.02,3937.9375606110802,306.9047619047619,4000.0,0.0,38670.0,476.7981951068427,707.3961904761904,6432.0,0.0,89131.92,805.3901984512673,inf,inf,1.948555320648344,inf,,,,,,,,,,,,,,,,,,,,,
,,,,,,,,,,,,,,,,,,,,,,,,,,,,,,,,,,,,,,,,,,,,,,,,,,,,,,,,,,,,,,,,,,,,,,,,,,,,,,,,,,,,,,,,,,,,,,,,,,,,,,,,,,,,,,,,,,,,,,,,,,,,,,,,,,,,,,,,,,,,2848.304618794326,79234.12,-200.0,3212887.61,5241.657759925401,359.8421985815603,10150.0,0.0,405902.0,872.4444083760345,778.9315957446809,17134.2,0.0,878634.84,1427.0112958059233,inf,inf,-0.47241118669690096,inf,
,,,,,,,,,,,,,,,,,,,,,,,,,,,,,,,,,,,,,,,,,,,,,,,,,,,,,,,,,,,,,,,,,,,,,,,,,,,,,,,,,,,,,,,,,,,,,,,,,,,,,,,,,,,,,,,,,,,,,,,,,,,,,,,,,,,,,,,,,,,,2527.8188629737606,47937.34,0.0,2601125.61,3321.9104363579727,300.5772594752187,8100.0,0.0,309294.0,546.2664426536969,683.2194752186589,13141.44,0.0,703032.84,938.4421112579158,inf,inf,0.0,inf,
,,,,,,,,,,,,,,,,,,,,,,,,,,,,,,,,,,,,,,,,,,,,,,,,,,,,,,,,,,,,,,,,,,,,,,,,,,,,,,,,,,,,,,,,,,,,,,,,,,,,,,,,,,,,,,,,,,,,,,,,,,,,,,,,,,,,,,,,,,,,2512.802954390742,26704.0,0.0,3691307.54,2824.2089946979268,287.6991150442478,5000.0,0.0,422630.0,427.33019079849845,663.8297072838666,8627.52,0.0,975165.84,766.3834272331205,inf,inf,0.0,inf,
,,,,,,,,,,,,,,,,,,,,,,,,,,,,,,,,,,,,,,,,,,,,,,,,,,,,,,,,,,,,,,,,,,,,,,,,,,,,,,,,,,,,,,,,,,,,,,,,,,,,,,,,,,,,,,,,,,,,,,,,,,,,,,,,,,,,,,,,,,,,2795.162399745385,60910.0,0.0,4391200.13,4333.377746884882,328.9032463399109,12000.0,0.0,516707.0,693.11149335812,736.7540165499682,18151.92,0.0,1157440.56,1194.4581746558301,inf,inf,0.0,inf,
